氏名,省庁
杉本　留三,環境省
赤澤　亮正,経済産業省
越智　俊之,経済産業省
片岡　宏一郎,経済産業省
片山　弘士,経済産業省
河野　太志,経済産業省
小林　浩史,経済産業省
小森　卓郎,経済産業省
佐々木　啓介,経済産業省
竹田　憲,経済産業省
畠山　陽二郎,経済産業省
服部　桂治,経済産業省
藤木　俊光,経済産業省
松尾　剛彦,経済産業省
松山　泰浩,経済産業省
山田　賢司,経済産業省
湯本　啓市,経済産業省
井野　俊郎,経済産業省
宮本　岩男 ,経済産業省
江口　正剛 ,経済産業省
中野　剛志 ,経済産業省
猪又　真介,経済産業省
日野　由香里,経済産業省
森光　敬子,厚生労働省
江浪　武志,厚生労働省
西嶋　康浩,厚生労働省
重田　裕彦,国土交通省
天河　宏文,国土交通省
五十嵐　徹人,国土交通省
井﨑　信也,国土交通省
石井　宏幸,国土交通省
石和田　二郎,国土交通省
上田　英俊,国土交通省
岡野　まさ子,国土交通省
勝又　賢人,国土交通省
加藤　竜祥,国土交通省
神谷　将広,国土交通省
川端　一生,国土交通省
沓掛　敏夫,国土交通省
久保　尚也,国土交通省
黒須　卓,国土交通省
黒田　昌義,国土交通省
甲川　壽浩,国土交通省
小島　優,国土交通省
酒井　康行,国土交通省
酒井　庸行,国土交通省
佐々木　紀,国土交通省
塩見　英之,国土交通省
関　信郎,国土交通省
田中　創,国土交通省
玉置　賢,国土交通省
筒井　誠二,国土交通省
富山　英範,国土交通省
豊嶋　太朗,国土交通省
中井　淳一,国土交通省
永井　学,国土交通省
西川　昌宏,国土交通省
野口　透良,国土交通省
林　正道,国土交通省
廣瀬　昌由,国土交通省
広瀬　行久,国土交通省
本田　康秀,国土交通省
松原　英憲,国土交通省
三浦　逸広,国土交通省
水野　宏治,国土交通省
宿本　尚吾,国土交通省
依田　秀則,国土交通省
和田　卓,国土交通省
安部　勝也,国土交通省
岡野 まさ子,国土交通省
岩川　勝,国土交通省
吉澤　正宏,国土交通省
久保田　秀暢,国土交通省
金子　恭之,国土交通省
甲川 壽浩,国土交通省
高橋　泰史,国土交通省
高藤　喜史,国土交通省
寺田　吉道,国土交通省
手塚 寛之,国土交通省
松本　健,国土交通省
水嶋　智,国土交通省
石原　大,国土交通省
石川　亨,国土交通省
大西 宵平,国土交通省
中井 　淳一,国土交通省
渡邊　良一,国土交通省
土田　宏道,国土交通省
宇波　弘貴,財務省
高橋　はるみ,財務省
中山　光輝,財務省
一松　旬,財務省
舞立　昇治,財務省
三反園　訓,財務省
山川　清徳,財務省
吉沢　浩二郎,財務省
中谷　真一,財務省
片山　さつき,財務省
槙　隆人,水産庁
松尾　龍志,水産庁
松田　竜太,水産庁
藤田 仁司,水産庁
後藤　友宏,総務省
出口　和宏,総務省
徳大寺　祥宏,総務省
福島　秀生,総務省
黄川田　仁志,内閣府
高橋　謙司,内閣府
津島　淳,内閣府
古川　直季,内閣府
鈴木　憲和,農林水産省
大坪　寛子,厚生労働省
片山　壮二,国土交通省
安部　賢,国土交通省
古土井　健,国土交通省
佐々木　規雄,国土交通省
酒井　敦史,国土交通省
小川　博之,国土交通省
森橋　真,国土交通省
早川　哲也,国土交通省
足立　基成,国土交通省
中山　泰宏,国土交通省
中田　裕人,国土交通省
筒井　祐治,国土交通省
馬場　智,国土交通省
末満　章悟,国土交通省
村田　茂樹,観光庁
寺岡　光博,財務省
坂 勝浩,農林水産省
丸山　秀治,法務省出入国在留管理庁
